date,v0,v9
20141229,4.43,4.69
20141230,4.31,4.46
20141231,1.0,3.34
20150101,0.52,0.84
20150102,1.05,1.24
20150103,1.83,3.07
20150104,2.5,4.17
20150105,4.41,4.62
20150106,4.47,4.7
20150107,4.41,4.67
20150108,4.38,4.68
20150109,4.5,4.73
20150110,4.54,4.8
20150111,4.54,4.8
20150112,4.57,4.84
20150113,4.06,4.81
20150114,4.57,4.82
20150115,4.34,4.83
20150116,3.94,4.73
20150117,4.56,4.79
20150118,4.65,4.86
20150119,4.67,4.86
20150120,3.73,4.42
20150121,4.25,4.19
20150122,1.9,3.89
20150123,3.02,4.28
20150124,2.89,3.65
20150125,1.96,4.71
20150126,2.64,4.47
20150127,1.73,4.8
20150128,2.78,4.85
20150129,4.63,4.46
20150130,5.0,5.13
20150131,5.04,5.25
20150201,5.01,5.24
20150202,4.96,5.18
20150203,4.94,5.09
20150204,4.69,4.58
20150205,4.94,4.53
20150206,4.99,4.51
20150207,4.91,5.13
20150208,4.66,5.1
20150209,5.09,4.8
20150210,4.83,4.08
20150211,4.79,5.07
20150212,5.26,4.85
20150213,5.53,5.68
20150214,5.45,5.62
20150215,5.48,5.72
20150216,5.52,5.71
20150217,5.56,5.75
20150218,5.59,5.78
20150219,5.6,5.76
20150220,5.27,4.77
20150221,5.66,5.77
20150222,5.72,5.87
20150223,5.78,5.93
20150224,5.73,5.97
20150225,5.69,5.96
20150226,5.58,5.91
20150227,5.98,5.84
20150228,3.59,5.04
20150301,1.11,0.42
20150302,4.72,4.67
20150303,5.6,4.84
20150304,5.74,6.18
20150305,5.98,6.1
20150306,6.05,6.13
20150307,5.94,6.15
20150308,5.52,6.09
20150309,6.03,5.93
20150310,6.08,5.92
20150311,5.24,5.99
20150312,1.6,3.42
20150313,1.02,5.04
20150314,1.53,5.91
20150315,5.38,4.03
20150316,5.77,5.48
20150317,6.03,6.19
20150318,6.44,6.25
20150319,6.52,6.51
20150320,6.41,6.41
20150321,6.42,6.47
20150322,6.39,6.51
20150323,6.44,6.53
20150324,6.46,6.53
20150325,6.47,6.63
20150326,5.94,6.34
20150327,5.94,6.63
20150328,6.4,5.98
20150329,4.49,5.79
20150330,5.94,4.66
20150331,6.84,6.57
20150401,6.7,6.83
20150402,6.69,6.86
20150403,6.58,6.83
20150404,6.54,6.85
20150405,5.57,6.59
20150406,6.01,6.79
20150407,6.69,6.82
20150408,6.69,6.53
20150409,6.75,6.61
20150410,6.72,6.73
20150411,6.14,5.36
20150412,4.27,5.92
20150413,3.06,5.36
20150414,4.22,5.38
20150415,5.03,4.68
20150416,6.11,6.44
20150417,6.96,6.9
20150418,6.62,6.95
20150419,6.9,7.0
20150420,6.98,7.02
20150421,6.89,7.03
20150422,6.56,6.7
20150423,7.28,4.12
20150424,7.15,7.03
20150425,7.0,5.69
20150426,7.07,7.12
20150427,7.12,7.16
20150428,7.03,7.17
20150429,7.27,7.23
20150430,7.23,7.23
20150501,7.11,7.07
20150502,6.66,6.46
20150503,6.78,6.62
20150504,5.61,7.01
20150505,6.83,6.92
20150506,6.73,6.51
20150507,6.85,7.09
20150508,6.46,6.54
20150509,6.99,6.3
20150510,5.2,5.78
20150511,6.67,5.98
20150512,6.7,6.79
20150513,5.82,5.35
20150514,3.21,5.83
20150515,5.84,1.85
20150516,6.56,6.94
20150517,7.11,6.6
20150518,7.17,7.11
20150519,7.14,7.18
20150520,7.19,7.11
20150521,6.84,7.16
20150522,6.71,7.08
20150523,7.25,7.19
20150524,7.12,6.8
20150525,7.08,7.13
20150526,6.95,6.95
20150527,7.07,7.1
20150528,6.55,6.87
20150529,6.98,6.15
20150530,7.04,6.95
20150531,5.84,6.3
20150601,6.84,6.04
20150602,-999.0,-999.0
20150603,6.23,6.18
20150604,6.98,6.17
20150605,6.7,5.75
20150606,6.06,5.66
20150607,6.88,5.61
20150608,5.77,5.92
20150609,6.58,4.56
20150610,6.71,5.62
20150611,5.9,5.71
20150612,3.2,2.98
20150613,3.58,2.73
20150614,5.29,4.78
20150615,6.03,5.69
20150616,4.79,4.52
20150617,6.68,3.74
20150618,5.7,5.61
20150619,-999.0,-999.0
20150620,5.67,5.74
20150621,5.18,3.78
20150622,3.74,1.01
20150623,3.74,4.77
20150624,4.22,3.65
20150625,2.8,3.87
20150626,5.33,5.22
20150627,5.73,5.43
20150628,6.51,6.43
20150629,5.91,4.61
20150630,5.42,5.34
20150701,5.55,4.33
20150702,5.97,5.59
20150703,5.35,4.97
20150704,6.76,5.9
20150705,6.56,6.3
20150706,3.19,3.65
20150707,3.98,4.2
20150708,5.16,4.32
20150709,1.19,1.83
20150710,3.29,1.05
20150711,2.05,1.74
20150712,4.53,5.56
20150713,6.16,5.97
20150714,6.34,6.19
20150715,5.85,5.83
20150716,4.42,5.68
20150717,3.62,4.06
20150718,0.98,3.35
20150719,1.63,1.35
20150720,2.22,2.26
20150721,2.08,2.66
20150722,4.66,2.39
20150723,2.73,2.21
20150724,2.21,2.41
20150725,1.32,3.22
20150726,1.81,3.5
20150727,1.77,2.8
20150728,4.16,4.56
20150729,2.41,4.97
20150730,4.45,4.46
20150731,3.71,4.36
20150801,6.04,5.37
20150802,3.26,3.71
20150803,3.11,1.57
20150804,2.22,2.14
20150805,4.08,2.34
20150806,4.62,2.13
20150807,2.98,3.82
20150808,2.54,2.46
20150809,3.89,4.04
20150810,3.91,2.51
20150811,3.12,4.74
20150812,4.13,4.97
20150813,2.98,3.05
20150814,2.21,3.04
20150815,2.57,3.63
20150816,3.55,4.58
20150817,3.79,5.02
20150818,1.87,4.5
20150819,4.28,3.95
20150820,4.63,5.82
20150821,4.84,6.32
20150822,4.7,4.45
20150823,5.22,5.33
20150824,5.36,6.21
20150825,5.74,6.02
20150826,5.6,5.82
20150827,5.19,2.36
20150828,3.88,2.33
20150829,3.61,1.95
20150830,3.05,2.11
20150831,3.94,3.23
20150901,3.89,5.41
20150902,3.72,5.74
20150903,5.82,5.88
20150904,4.86,4.73
20150905,6.09,6.26
20150906,5.55,5.6
20150907,6.06,4.54
20150908,5.2,4.2
20150909,6.45,5.56
20150910,6.12,6.13
20150911,5.33,5.8
20150912,6.11,5.59
20150913,4.93,5.89
20150914,6.15,5.72
20150915,5.84,5.04
20150916,5.42,5.88
20150917,3.61,0.9
20150918,3.35,1.58
20150919,4.45,5.44
20150920,5.98,5.11
20150921,5.9,6.05
20150922,4.23,5.61
20150923,5.22,4.77
20150924,5.87,5.52
20150925,6.09,5.67
20150926,5.92,6.0
20150927,5.83,5.76
20150928,5.49,5.48
20150929,4.76,5.81
20150930,6.09,5.74
20151001,6.05,5.56
20151002,5.81,5.51
20151003,6.0,5.46
20151004,6.08,5.91
20151005,6.03,6.01
20151006,5.75,6.16
20151007,5.78,6.09
20151008,5.52,6.13
20151009,5.84,5.72
20151010,5.55,5.47
20151011,5.5,5.53
20151012,5.77,5.34
20151013,5.74,5.84
20151014,5.72,5.88
20151015,5.63,5.8
20151016,5.4,5.44
20151017,5.42,5.72
20151018,5.28,5.43
20151019,4.97,5.5
20151020,4.67,5.44
20151021,4.81,5.23
20151022,3.99,4.84
20151023,5.37,5.46
20151024,4.86,4.7
20151025,4.59,4.99
20151026,2.31,5.27
20151027,2.45,4.22
20151028,4.7,4.54
20151029,2.91,3.91
20151030,5.06,5.08
20151031,4.58,4.89
20151101,5.0,4.74
20151102,4.5,4.85
20151103,4.64,4.64
20151104,4.09,4.2
20151105,4.45,3.96
20151106,4.67,4.62
20151107,4.41,4.38
20151108,4.57,4.81
20151109,4.09,4.21
20151110,3.95,3.62
20151111,4.24,4.61
20151112,4.68,4.96
20151113,4.7,4.9
20151114,4.68,4.61
20151115,4.66,4.82
20151116,4.62,4.84
20151117,4.64,4.84
20151118,4.65,4.79
20151119,4.69,4.87
20151120,4.65,4.87
20151121,4.55,4.87
20151122,3.68,4.72
20151123,4.19,3.64
20151124,3.75,4.31
20151125,4.3,4.55
20151126,4.32,4.55
20151127,4.04,4.48
20151128,1.67,4.34
20151129,3.48,4.19
20151130,4.07,4.42
20151201,4.19,4.51
20151202,4.21,4.41
20151203,4.35,4.46
20151204,4.39,4.63
20151205,4.45,4.64
20151206,4.44,4.73
20151207,4.43,4.68
20151208,4.42,4.65
20151209,4.29,4.57
20151210,3.88,4.32
20151211,4.13,3.86
20151212,4.35,4.36
20151213,4.3,4.33
20151214,4.24,4.14
20151215,4.41,4.25
20151216,4.31,4.36
20151217,4.21,4.06
20151218,4.37,4.38
20151219,4.4,4.5
20151220,4.11,4.01
20151221,4.21,4.02
20151222,4.15,4.11
20151223,4.27,4.41
20151224,4.1,4.54
20151225,4.31,4.63
20151226,4.26,4.59
20151227,4.16,4.49
20151228,4.2,4.41
20151229,4.2,4.49
20151230,4.16,4.07
20151231,4.18,4.5
20160101,4.23,4.44
20160102,4.11,4.43
20160103,4.24,4.5
20160104,4.28,4.46
20160105,4.26,4.54
20160106,4.27,4.49
20160107,4.18,3.63
20160108,4.22,4.12
20160109,4.4,4.41
20160110,4.46,4.58
20160111,4.48,4.64
20160112,4.39,4.63
20160113,4.16,4.1
20160114,4.33,4.46
20160115,4.19,4.16
20160116,4.05,2.53
20160117,3.39,3.29
20160118,3.76,4.23
20160119,1.61,4.08
20160120,4.32,4.74
20160121,4.75,5.05
20160122,4.91,5.09
20160123,4.94,5.16
20160124,4.94,5.15
20160125,4.9,5.07
20160126,4.87,4.98
20160127,4.89,5.12
20160128,4.83,5.12
20160129,4.82,5.06
20160130,4.9,5.14
20160131,4.97,5.19
20160201,4.96,5.2
20160202,4.98,5.2
20160203,5.12,5.28
20160204,5.31,5.4
20160205,5.18,5.28
20160206,4.43,5.19
20160207,5.15,5.11
20160208,5.29,5.4
20160209,5.36,5.47
20160210,5.26,5.0
20160211,5.47,5.39
20160212,5.4,5.5
20160213,5.38,5.42
20160214,5.4,5.4
20160215,4.11,3.77
20160216,4.65,5.45
20160217,5.03,5.21
20160218,5.43,5.67
20160219,5.17,5.59
20160220,4.22,4.11
20160221,-999.0,-999.0
20160222,5.58,5.18
20160223,5.85,5.32
20160224,5.98,5.68
20160225,5.46,5.69
20160226,5.83,5.46
20160227,6.08,4.75
20160228,6.02,5.58
20160229,5.82,4.31
20160301,5.9,5.54
20160302,5.71,5.65
20160303,3.99,4.37
20160304,5.68,5.17
20160305,4.98,5.32
20160306,5.74,5.73
20160307,5.26,5.8
20160308,5.94,5.83
20160309,5.94,5.36
20160310,6.05,6.22
20160311,6.12,6.19
20160312,3.33,5.67
20160313,6.01,4.68
20160314,6.26,6.34
20160315,5.48,5.2
20160316,6.33,6.38
20160317,6.03,5.37
20160318,6.08,6.3
20160319,6.47,6.47
20160320,6.35,6.46
20160321,6.63,6.79
20160322,6.69,6.75
20160323,6.92,6.96
20160324,6.84,6.92
20160325,6.72,6.84
20160326,5.7,6.65
20160327,5.62,3.98
20160328,6.59,6.58
20160329,6.64,6.8
20160330,6.57,6.78
20160331,6.71,6.77
20160401,6.66,6.81
20160402,6.45,6.73
20160403,6.11,6.48
20160404,6.34,5.79
20160405,5.24,4.33
20160406,6.34,6.33
20160407,4.69,5.73
20160408,6.76,5.81
20160409,6.87,6.07
20160410,6.16,6.2
20160411,6.75,6.81
20160412,6.86,6.67
20160413,7.09,7.07
20160414,7.13,7.31
20160415,7.13,7.19
20160416,7.04,7.05
20160417,6.73,6.97
20160418,6.75,6.99
20160419,6.99,6.74
20160420,6.95,6.78
20160421,7.17,6.97
20160422,7.25,7.18
20160423,7.05,7.16
20160424,7.07,7.21
20160425,7.13,7.09
20160426,6.06,7.12
20160427,6.74,6.83
20160428,6.85,6.6
20160429,6.77,6.35
20160430,7.26,6.85
20160501,6.48,5.66
20160502,5.81,6.28
20160503,6.21,5.93
20160504,5.18,5.24
20160505,6.92,6.93
20160506,6.35,6.91
20160507,5.73,6.82
20160508,5.92,5.63
20160509,6.3,6.71
20160510,6.72,6.08
20160511,6.93,5.66
20160512,6.82,6.45
20160513,6.61,6.77
20160514,7.01,6.49
20160515,6.98,7.06
20160516,6.78,6.99
20160517,6.95,6.86
20160518,6.76,6.82
20160519,5.85,6.17
20160520,6.06,6.49
20160521,7.01,6.96
20160522,7.09,7.06
20160523,7.04,7.13
20160524,7.03,7.03
20160525,6.83,7.03
20160526,7.04,7.01
20160527,6.99,6.92
20160528,6.84,6.51
20160529,6.89,6.38
20160530,6.39,6.53
20160531,6.35,5.52
20160601,6.17,6.36
20160602,6.21,5.31
20160603,6.28,6.03
20160604,5.95,6.12
20160605,5.85,6.21
20160606,6.61,6.72
20160607,6.29,6.59
20160608,6.42,6.62
20160609,6.81,5.31
20160610,6.86,4.87
20160611,6.49,5.52
20160612,6.2,6.24
20160613,6.58,6.49
20160614,6.43,6.63
20160615,5.23,6.51
20160616,5.85,6.07
20160617,5.68,4.43
20160618,5.05,2.92
20160619,5.44,4.25
20160620,5.28,4.63
20160621,4.92,5.44
20160622,5.4,5.44
20160623,5.25,4.83
20160624,5.63,1.85
20160625,4.05,5.78
20160626,6.06,4.9
20160627,6.03,3.45
20160628,2.08,3.26
20160629,5.18,4.44
20160630,5.11,4.35
20160701,5.05,3.97
20160702,2.36,2.47
20160703,2.49,2.47
20160704,3.05,3.26
20160705,1.14,0.88
20160706,2.54,2.38
20160707,1.07,1.56
20160708,0.8,0.68
20160709,0.96,1.99
20160710,3.18,1.89
20160711,3.05,2.03
20160712,1.42,1.38
20160713,2.32,4.01
20160714,3.67,5.56
20160715,2.1,4.18
20160716,2.28,3.55
20160717,2.76,5.69
20160718,4.44,2.46
20160719,3.74,2.2
20160720,5.13,4.87
20160721,5.73,3.28
20160722,3.65,1.65
20160723,3.67,4.13
20160724,5.25,4.82
20160725,5.64,4.9
20160726,4.6,3.64
20160727,2.4,3.21
20160728,2.8,3.78
20160729,4.52,3.71
20160730,4.07,4.14
20160731,2.89,2.49
20160801,1.07,2.1
20160802,2.05,1.9
20160803,4.5,2.73
20160804,2.5,3.0
20160805,3.48,3.89
20160806,3.21,1.06
20160807,0.6,2.58
20160808,2.85,4.26
20160809,2.2,3.18
20160810,2.86,2.91
20160811,4.08,4.15
20160812,2.18,2.77
20160813,1.36,1.73
20160814,2.23,2.35
20160815,2.1,2.85
20160816,4.75,4.48
20160817,4.73,4.84
20160818,2.68,5.04
20160819,0.76,3.05
20160820,0.56,1.55
20160821,2.47,4.76
20160822,1.97,4.95
20160823,1.99,3.94
20160824,4.42,5.25
20160825,5.36,5.93
20160826,4.28,4.29
20160827,4.58,3.3
20160828,5.16,5.3
20160829,5.33,5.45
20160830,4.48,3.98
20160831,3.74,4.44
20160901,4.13,2.76
20160902,4.42,4.63
20160903,4.7,4.75
20160904,5.44,5.75
20160905,5.55,5.79
20160906,5.47,5.9
20160907,5.39,5.75
20160908,3.64,4.79
20160909,4.86,4.23
20160910,5.23,4.44
20160911,5.23,2.83
20160912,5.3,3.94
20160913,5.54,3.31
20160914,4.69,3.95
20160915,4.18,4.61
20160916,4.42,4.37
20160917,3.46,3.26
20160918,5.57,4.22
20160919,5.53,4.91
20160920,5.39,3.48
20160921,4.48,4.05
20160922,4.14,5.33
20160923,5.17,4.74
20160924,5.01,3.31
20160925,5.4,2.06
20160926,5.29,3.96
20160927,5.51,5.47
20160928,5.37,5.55
20160929,4.93,5.13
20160930,1.86,2.83
20161001,3.83,4.7
20161002,4.57,4.31
20161003,5.03,4.13
20161004,5.18,4.96
20161005,4.78,4.54
20161006,4.28,4.53
20161007,4.49,4.42
20161008,4.19,2.3
20161009,5.52,5.66
20161010,5.57,5.57
20161011,5.63,5.81
20161012,5.88,5.9
20161013,5.57,5.98
20161014,4.77,5.89
20161015,5.45,5.45
20161016,5.69,5.81
20161017,5.67,5.97
20161018,5.57,5.88
20161019,5.6,5.83
20161020,5.56,5.82
20161021,5.49,5.74
20161022,5.46,5.65
20161023,5.37,5.58
20161024,4.95,5.1
20161025,5.04,5.39
20161026,5.29,5.0
20161027,5.33,5.65
20161028,5.44,5.7
20161029,5.4,5.41
20161030,5.33,5.47
20161031,5.27,5.48
20161101,5.21,5.43
20161102,5.15,5.37
20161103,5.08,4.78
20161104,5.03,5.04
20161105,5.02,5.04
20161106,5.01,5.35
20161107,4.97,5.28
20161108,5.06,5.28
20161109,5.05,5.31
20161110,5.02,5.32
20161111,4.95,5.23
20161112,4.91,5.17
20161113,4.82,5.03
20161114,4.75,4.94
20161115,4.76,4.96
20161116,4.74,4.98
20161117,4.73,5.04
20161118,4.7,5.0
20161119,4.67,4.97
20161120,4.63,4.86
20161121,4.51,4.87
20161122,4.61,4.87
20161123,4.56,4.85
20161124,4.52,4.81
20161125,4.51,4.83
20161126,4.48,4.8
20161127,4.46,4.77
20161128,4.43,4.76
20161129,4.36,4.67
20161130,4.33,4.58
20161201,4.32,4.15
20161202,4.32,4.53
20161203,4.37,4.56
20161204,4.13,4.59
20161205,4.42,4.67
20161206,4.38,4.61
20161207,4.4,4.67
20161208,4.4,4.69
20161209,4.39,4.71
20161210,4.28,4.57
20161211,4.23,4.54
20161212,4.3,4.56
20161213,4.27,4.5
20161214,4.25,4.36
20161215,4.29,4.52
20161216,4.26,4.54
20161217,4.25,4.55
20161218,4.28,4.59
20161219,4.31,4.55
20161220,4.32,4.63
20161221,4.36,4.64
20161222,4.25,4.51
20161223,4.26,4.61
20161224,4.24,4.56
20161225,4.3,4.55
20161226,4.34,4.64
20161227,4.26,4.6
20161228,4.31,4.57
20161229,4.31,4.56
20161230,4.26,4.56
20161231,4.24,4.52
20170101,4.22,4.39
20170102,3.74,4.47
20170103,4.17,4.52
20170104,4.3,4.51
20170105,4.36,4.59
20170106,4.38,4.58
20170107,4.2,4.55
20170108,4.03,4.44
20170109,3.59,3.62
20170110,4.21,4.44
20170111,4.22,4.72
20170112,4.61,4.78
20170113,4.63,4.76
20170114,4.53,4.75
20170115,4.28,4.44
20170116,4.23,4.24
20170117,4.47,4.51
20170118,4.07,4.54
20170119,4.28,4.76
20170120,4.16,4.38
20170121,4.52,4.77
20170122,4.4,4.81
20170123,4.6,4.82
20170124,4.65,4.86
20170125,4.69,4.97
20170126,4.66,2.28
20170127,4.47,4.71
20170128,4.93,5.15
20170129,4.98,5.2
20170130,5.05,5.26
20170131,5.1,5.25
20170201,5.05,5.22
20170202,5.07,5.19
20170203,5.1,5.25
20170204,4.79,5.15
20170205,4.91,5.38
20170206,5.14,5.05
20170207,5.37,5.49
20170208,5.24,5.5
20170209,5.25,5.4
20170210,5.27,5.06
20170211,3.63,4.83
20170212,4.96,5.01
20170213,5.13,5.1
20170214,5.27,5.12
20170215,5.42,5.48
20170216,5.33,5.62
20170217,5.09,5.63
20170218,5.58,5.75
20170219,5.68,5.86
20170220,5.67,5.85
20170221,5.73,5.84
20170222,5.75,5.89
20170223,5.91,5.93
20170224,6.04,6.13
20170225,5.99,6.17
20170226,5.96,6.18
20170227,6.01,6.15
20170228,6.06,6.19
20170301,5.88,6.07
20170302,5.87,6.03
20170303,5.88,5.92
20170304,5.96,5.99
20170305,6.04,6.14
20170306,6.21,6.2
20170307,5.77,5.68
20170308,5.93,5.69
20170309,5.87,6.13
20170310,4.79,5.9
20170311,6.17,5.46
20170312,6.34,6.61
20170313,6.41,6.5
20170314,6.45,6.58
20170315,6.41,6.51
20170316,6.31,5.78
20170317,6.38,6.38
20170318,6.04,6.44
20170319,5.59,6.08
20170320,6.55,6.6
20170321,6.58,6.71
20170322,6.51,6.64
20170323,6.53,6.64
20170324,6.56,6.63
20170325,6.61,6.65
20170326,6.57,6.72
20170327,6.67,6.66
20170328,6.68,6.72
20170329,6.79,6.79
20170330,6.84,6.85
20170331,6.77,6.82
20170401,6.52,6.39
20170402,6.81,6.37
20170403,6.76,6.78
20170404,6.79,6.5
20170405,6.8,6.7
20170406,6.49,6.87
20170407,6.93,6.94
20170408,6.69,7.15
20170409,7.1,7.22
20170410,7.32,7.27
20170411,7.1,7.34
20170412,7.25,7.3
20170413,7.07,7.21
20170414,7.28,7.3
20170415,7.16,7.21
20170416,7.25,7.2
20170417,7.03,7.19
20170418,7.12,7.07
20170419,7.16,7.01
20170420,7.23,7.29
20170421,7.04,7.11
20170422,7.12,7.23
20170423,6.9,7.21
20170424,7.24,7.33
20170425,6.29,7.12
20170426,7.24,6.93
20170427,7.42,7.19
20170428,7.41,6.8
20170429,7.24,6.43
20170430,7.16,6.64
20170501,6.43,5.82
20170502,6.81,5.7
20170503,6.51,6.15
20170504,6.73,6.93
20170505,6.3,6.15
20170506,6.69,6.21
20170507,6.13,6.14
20170508,6.55,6.23
20170509,6.87,5.91
20170510,6.8,6.65
20170511,5.22,5.95
20170512,6.68,6.57
20170513,6.68,6.58
20170514,7.0,6.72
20170515,6.74,6.87
20170516,7.11,7.02
20170517,6.97,6.79
20170518,6.56,7.08
20170519,6.51,7.04
20170520,6.58,6.65
20170521,6.57,7.2
20170522,7.0,7.12
20170523,7.05,6.89
20170524,6.43,6.21
20170525,6.46,5.72
20170526,6.55,5.54
20170527,6.37,6.1
20170528,6.98,6.89
20170529,5.73,7.01
20170530,6.9,5.73
20170531,6.76,5.51
20170601,6.25,4.62
20170602,5.89,5.92
20170603,6.04,5.64
20170604,6.8,6.25
20170605,5.19,4.15
20170606,5.42,6.32
20170607,3.67,4.99
20170608,4.87,5.49
20170609,5.94,3.92
20170610,4.96,4.73
20170611,2.93,4.74
20170612,6.14,2.09
20170613,6.56,5.81
20170614,5.23,4.75
20170615,6.9,5.81
20170616,5.88,6.37
20170617,6.25,6.23
20170618,5.07,6.24
20170619,5.31,6.06
20170620,5.84,5.93
20170621,5.54,5.68
20170622,6.04,6.07
20170623,5.27,5.87
20170624,4.05,5.35
20170625,5.32,3.66
20170626,4.24,1.45
20170627,4.04,2.7
20170628,3.16,4.26
20170629,4.44,5.36
20170630,3.41,5.02
20170701,4.16,3.4
20170702,3.02,3.36
20170703,2.34,3.96
20170704,2.96,1.88
20170705,4.18,3.95
20170706,4.43,4.73
20170707,6.07,5.94
20170708,5.53,6.28
20170709,1.71,2.25
20170710,2.4,1.61
20170711,4.15,2.74
20170712,2.23,2.3
20170713,1.37,2.12
20170714,2.67,1.76
20170715,2.74,1.41
20170716,4.48,2.64
20170717,3.66,2.84
20170718,3.71,4.11
20170719,0.98,2.68
20170720,2.91,1.32
20170721,3.24,3.34
20170722,2.68,3.5
20170723,2.32,3.5
20170724,2.47,3.16
20170725,2.65,3.73
20170726,2.07,1.72
20170727,2.85,2.35
20170728,2.73,2.92
20170729,3.25,4.35
20170730,3.73,4.03
20170731,3.47,4.67
20170801,3.3,5.34
20170802,4.83,6.15
20170803,3.17,5.26
20170804,3.54,3.77
20170805,4.44,2.85
20170806,2.22,2.37
20170807,1.72,1.78
20170808,2.18,1.34
20170809,2.63,2.82
20170810,4.35,5.26
20170811,2.95,4.57
20170812,2.7,4.62
20170813,4.26,4.41
20170814,3.35,4.06
20170815,3.73,4.95
20170816,5.62,5.49
20170817,4.59,4.68
20170818,2.53,3.07
20170819,3.02,3.97
20170820,5.29,3.87
20170821,4.89,2.23
20170822,3.71,3.08
20170823,3.79,4.47
20170824,3.51,4.47
20170825,4.56,4.37
20170826,4.64,3.41
20170827,4.72,3.8
20170828,4.35,3.48
20170829,3.25,2.3
20170830,3.43,2.79
20170831,5.9,6.08
20170901,5.35,5.9
20170902,5.66,4.65
20170903,3.05,5.66
20170904,4.68,4.04
20170905,4.21,5.35
20170906,4.67,5.42
20170907,5.79,5.23
20170908,5.6,4.07
20170909,4.39,4.36
20170910,5.03,3.72
20170911,4.7,3.49
20170912,2.8,3.85
20170913,4.81,4.44
20170914,4.02,1.94
20170915,2.8,3.49
20170916,4.75,4.91
20170917,5.3,5.52
20170918,4.55,4.95
20170919,5.98,5.56
20170920,4.26,1.35
20170921,1.27,2.86
20170922,2.17,3.95
20170923,5.95,5.97
20170924,5.97,6.01
20170925,5.71,5.9
20170926,5.87,5.7
20170927,5.38,5.77
20170928,5.82,5.92
20170929,5.76,5.56
20170930,5.89,5.89
20171001,6.05,5.76
20171002,6.05,6.09
20171003,6.04,6.14
20171004,6.12,6.16
20171005,5.84,4.66
20171006,5.31,5.26
20171007,4.95,3.62
20171008,4.92,3.26
20171009,4.02,2.49
20171010,3.79,3.03
20171011,5.18,4.41
20171012,4.46,3.76
20171013,2.83,3.48
20171014,5.38,4.75
20171015,5.48,5.57
20171016,5.69,5.72
20171017,5.77,5.89
20171018,5.76,5.92
20171019,5.4,5.12
20171020,4.6,4.59
20171021,4.9,5.32
20171022,5.21,5.16
20171023,5.53,5.6
20171024,5.56,5.71
20171025,5.51,5.67
20171026,5.4,5.49
20171027,5.24,5.06
20171028,5.15,5.04
20171029,4.62,4.79
20171030,5.26,5.22
20171031,5.24,5.47
20171101,5.15,5.35
20171102,5.07,5.35
20171103,5.04,5.29
20171104,5.06,5.33
20171105,5.01,5.34
20171106,4.97,5.23
20171107,4.96,5.06
20171108,4.97,4.96
20171109,4.91,4.78
20171110,4.86,5.18
20171111,4.9,5.1
20171112,4.88,5.03
20171113,4.63,4.89
20171114,4.53,4.74
20171115,4.54,4.18
20171116,3.82,4.32
20171117,4.37,3.8
20171118,4.23,3.9
20171119,4.32,4.08
20171120,3.97,3.72
20171121,2.92,4.23
20171122,3.63,3.44
20171123,4.41,4.34
20171124,4.55,4.72
20171125,4.59,4.83
20171126,4.52,4.76
20171127,4.47,4.8
20171128,4.46,4.74
20171129,4.4,4.7
20171130,4.37,4.63
20171201,4.37,4.4
20171202,4.19,4.6
20171203,3.81,4.63
20171204,4.04,4.43
20171205,2.79,3.79
20171206,2.76,4.13
20171207,2.44,4.38
20171208,3.99,4.44
20171209,4.23,4.45
20171210,4.33,4.59
20171211,4.18,4.53
20171212,3.89,4.41
20171213,3.79,4.09
20171214,3.73,4.36
20171215,3.74,4.11
20171216,3.65,4.27
20171217,4.08,3.77
20171218,3.98,3.47
20171219,3.48,4.5
20171220,2.95,4.34
20171221,3.98,4.4
20171222,3.61,4.25
20171223,3.62,4.36
20171224,4.22,4.41
20171225,4.3,4.52
20171226,4.32,4.64
20171227,4.31,4.62
20171228,4.31,4.63
20171229,-999.0,-999.0
20171230,4.25,4.56
20171231,4.09,4.56
20180101,4.23,4.4
20180102,4.3,4.38
20180103,4.36,4.59
20180104,4.41,4.63
20180105,4.35,4.56
20180106,4.38,4.52
20180107,4.42,4.41
20180108,4.45,4.6
20180109,4.47,4.66
20180110,4.46,4.64
20180111,4.33,4.55
20180112,4.32,4.51
20180113,4.09,4.43
20180114,4.26,3.43
20180115,4.52,4.62
20180116,4.64,4.84
20180117,4.62,4.79
20180118,4.65,4.9
20180119,4.66,4.92
20180120,4.68,4.92
20180121,4.71,4.93
20180122,4.72,4.96
20180123,4.16,4.67
20180124,4.96,5.03
20180125,4.97,5.21
20180126,4.97,5.21
20180127,5.01,5.2
20180128,5.01,5.2
20180129,4.9,5.21
20180130,5.02,5.24
20180131,5.08,5.31
20180201,5.05,5.31
20180202,5.06,5.26
20180203,5.03,5.22
20180204,4.97,5.23
20180205,4.38,5.03
20180206,3.45,3.66
20180207,1.64,2.57
20180208,-999.0,-999.0
20180209,5.02,5.15
20180210,5.08,3.19
20180211,2.8,3.72
20180212,4.03,3.85
20180213,3.62,3.74
20180214,5.36,5.31
20180215,5.43,5.69
20180216,5.54,5.72
20180217,5.61,5.76
20180218,5.44,5.76
20180219,5.42,5.55
20180220,5.66,5.66
20180221,5.73,5.72
20180222,5.73,5.51
20180223,5.65,5.71
20180224,5.47,5.52
20180225,5.62,5.77
20180226,5.9,5.94
20180227,5.64,6.07
20180228,5.85,6.1
20180301,5.13,5.82
20180302,5.75,5.72
20180303,5.91,5.77
20180304,5.0,5.74
20180305,5.38,5.56
20180306,6.0,5.91
20180307,4.6,5.89
20180308,4.41,4.54
20180309,6.01,5.09
20180310,5.79,5.69
20180311,6.05,5.27
20180312,6.4,6.15
20180313,6.42,6.29
20180314,-999.0,-999.0
20180315,3.9,4.0
20180316,6.16,3.55
20180317,5.72,6.08
20180318,6.44,6.38
20180319,6.01,6.13
20180320,5.32,5.61
20180321,6.51,6.33
20180322,6.65,6.65
20180323,6.61,6.73
20180324,6.56,6.71
20180325,6.67,6.71
20180326,6.81,6.83
20180327,6.81,6.85
20180328,6.88,6.83
20180329,6.84,6.94
20180330,-999.0,-999.0
20180331,6.94,6.94
20180401,6.83,6.78
20180402,6.84,6.95
20180403,6.69,6.7
20180404,6.63,6.18
20180405,6.6,6.41
20180406,5.38,4.66
20180407,6.7,6.4
20180408,4.49,5.78
20180409,5.63,6.35
20180410,6.59,5.33
20180411,6.74,6.63
20180412,5.84,6.51
20180413,6.67,6.49
20180414,6.07,6.08
20180415,6.92,6.7
20180416,6.94,6.57
20180417,6.68,6.57
20180418,7.19,6.99
20180419,7.14,7.14
20180420,7.13,7.14
20180421,7.22,7.16
20180422,7.09,7.07
20180423,7.39,7.21
20180424,7.54,7.47
20180425,7.51,7.43
20180426,7.34,7.37
20180427,7.1,6.97
20180428,6.85,6.21
20180429,7.04,6.95
20180430,6.98,6.83
20180501,6.83,6.65
20180502,6.46,6.88
20180503,6.98,6.79
20180504,7.11,7.01
20180505,6.5,6.97
20180506,6.82,6.82
20180507,7.22,7.03
20180508,6.91,6.91
20180509,7.02,7.21
20180510,6.26,6.72
20180511,6.65,6.21
20180512,6.43,6.5
20180513,6.96,6.78
20180514,6.81,7.04
20180515,6.45,6.53
20180516,6.54,6.34
20180517,6.78,6.25
20180518,6.78,6.9
20180519,7.17,7.05
20180520,6.74,6.77
20180521,6.37,5.93
20180522,6.7,6.6
20180523,6.92,4.65
20180524,7.06,6.88
20180525,7.05,6.99
20180526,7.21,6.78
20180527,7.17,6.79
20180528,7.33,7.08
20180529,6.86,6.62
20180530,6.98,6.41
20180531,6.74,6.58
20180601,5.73,5.45
20180602,6.26,5.34
20180603,6.81,6.46
20180604,6.59,6.75
20180605,5.72,6.09
20180606,6.2,5.85
20180607,6.07,4.13
20180608,5.45,5.68
20180609,4.32,2.92
20180610,4.71,3.68
20180611,4.0,5.14
20180612,6.56,4.62
20180613,6.57,6.32
20180614,6.98,6.66
20180615,6.91,6.85
20180616,6.69,6.85
20180617,5.71,5.93
20180618,5.64,6.3
20180619,6.29,6.09
20180620,6.35,5.7
20180621,6.09,6.52
20180622,6.11,4.32
20180623,6.56,5.85
20180624,5.51,5.74
20180625,5.68,5.38
20180626,3.35,3.42
20180627,2.97,1.18
20180628,1.81,1.43
20180629,3.57,5.27
20180630,5.99,5.84
20180701,5.96,4.3
20180702,5.7,4.1
20180703,4.63,4.17
20180704,1.75,4.33
20180705,1.62,3.69
20180706,3.58,0.86
20180707,5.94,2.91
20180708,6.55,3.82
20180709,5.61,1.57
20180710,3.94,1.81
20180711,2.43,1.14
20180712,2.23,1.61
20180713,2.19,2.83
20180714,3.46,2.44
20180715,4.85,3.25
20180716,5.35,1.53
20180717,1.69,1.3
20180718,0.74,2.3
20180719,2.1,2.72
20180720,2.98,3.12
20180721,0.95,1.92
20180722,1.66,1.4
20180723,1.0,0.95
20180724,1.78,2.41
20180725,1.66,2.05
20180726,2.8,2.19
20180727,2.29,2.29
20180728,3.94,4.15
20180729,3.9,4.03
20180730,3.15,4.72
20180731,3.9,4.22
20180801,4.54,5.54
20180802,5.63,4.78
20180803,3.29,4.83
20180804,5.53,6.16
20180805,3.85,5.08
20180806,2.79,4.2
20180807,2.72,2.64
20180808,1.15,2.18
20180809,3.18,2.32
20180810,1.13,2.37
20180811,3.46,2.11
20180812,4.92,2.35
20180813,3.86,4.32
20180814,4.4,4.08
20180815,1.54,2.31
20180816,3.92,2.71
20180817,4.1,3.38
20180818,2.29,3.09
20180819,1.25,2.55
20180820,2.55,1.96
20180821,3.99,2.06
20180822,1.84,2.37
20180823,1.71,2.36
20180824,1.76,2.28
20180825,1.18,3.56
20180826,3.09,2.89
20180827,3.97,1.53
20180828,1.2,1.1
20180829,2.56,2.5
20180830,2.32,2.6
20180831,0.81,1.27
20180901,1.58,1.74
20180902,2.25,2.98
20180903,3.73,3.39
20180904,2.72,3.03
20180905,2.87,1.86
20180906,1.58,1.62
20180907,1.38,1.47
20180908,1.91,4.65
20180909,3.01,6.02
20180910,2.98,5.36
20180911,4.8,5.88
20180912,4.05,6.14
20180913,4.56,5.99
20180914,5.23,5.62
20180915,4.18,4.98
20180916,5.62,5.26
20180917,5.8,5.28
20180918,5.78,4.17
20180919,6.13,6.17
20180920,6.11,5.3
20180921,2.83,0.67
20180922,1.15,1.81
20180923,4.04,4.88
20180924,5.08,5.0
20180925,5.83,5.82
20180926,5.92,5.85
20180927,5.74,5.75
20180928,5.73,5.75
20180929,5.82,5.89
20180930,5.95,5.78
20181001,6.12,6.07
20181002,6.01,6.01
20181003,5.4,5.99
20181004,5.15,5.98
20181005,5.78,5.8
20181006,5.89,5.87
20181007,5.22,5.98
20181008,5.75,5.44
20181009,5.88,5.39
20181010,5.7,5.79
20181011,5.51,4.85
20181012,5.75,5.85
20181013,5.67,5.87
20181014,5.69,5.85
20181015,5.65,5.79
20181016,5.48,5.74
20181017,5.31,4.91
20181018,5.22,5.36
20181019,5.19,5.25
20181020,5.17,5.26
20181021,5.37,5.16
20181022,5.56,5.49
20181023,5.46,5.71
20181024,5.42,5.62
20181025,5.24,5.38
20181026,4.88,5.33
20181027,5.25,5.49
20181028,5.16,5.19
20181029,5.34,5.59
20181030,5.23,5.5
20181031,5.17,5.08
20181101,5.07,4.87
20181102,4.94,4.62
20181103,4.21,4.84
20181104,4.59,4.46
20181105,4.5,3.34
20181106,4.96,4.84
20181107,4.77,5.17
20181108,5.02,5.2
20181109,5.0,5.21
20181110,4.93,5.2
20181111,4.88,5.18
20181112,4.81,5.15
20181113,4.76,5.08
20181114,4.72,5.01
20181115,4.69,5.02
20181116,4.56,4.97
20181117,4.61,4.89
20181118,4.61,4.8
20181119,4.35,4.46
20181120,4.33,4.08
20181121,4.4,4.43
20181122,4.43,4.65
20181123,4.35,4.66
20181124,4.47,4.74
20181125,4.5,4.78
20181126,4.35,4.61
20181127,4.04,4.61
20181128,4.14,4.61
20181129,4.31,4.47
20181130,4.11,4.4
20181201,4.23,4.51
20181202,4.26,4.27
20181203,3.95,3.45
20181204,3.18,4.03
20181205,4.21,3.88
20181206,4.18,4.14
20181207,4.26,4.06
20181208,4.21,3.57
20181209,3.77,3.21
20181210,4.11,3.03
20181211,4.25,4.48
20181212,4.15,4.4
20181213,4.24,4.21
20181214,4.06,4.05
20181215,4.32,4.55
20181216,4.37,4.44
20181217,4.19,2.73
20181218,4.32,4.38
20181219,4.37,4.59
20181220,4.39,4.62
20181221,4.38,4.63
20181222,4.37,4.64
20181223,4.35,4.61
20181224,4.26,4.54
20181225,4.15,4.36
20181226,4.18,4.27
20181227,4.4,4.57
20181228,4.44,4.75
20181229,4.42,4.75
20181230,4.39,4.73
20181231,4.34,4.67
20190101,4.35,4.53
20190102,4.36,4.58
20190103,4.22,4.59
20190104,3.93,4.37
20190105,3.91,4.47
20190106,4.36,4.31
20190107,4.31,4.67
20190108,4.25,4.65
20190109,4.41,4.69
20190110,4.4,4.71
20190111,4.32,4.6
20190112,4.32,4.57
20190113,4.44,4.36
20190114,4.56,4.44
20190115,4.13,4.77
20190116,4.58,4.79
20190117,4.64,4.87
20190118,4.68,4.84
20190119,4.69,4.92
20190120,4.73,4.97
20190121,4.67,5.01
20190122,4.42,4.85
20190123,4.43,4.69
20190124,4.28,4.29
20190125,2.03,2.27
20190126,4.31,3.74
20190127,4.98,4.73
20190128,5.1,5.23
20190129,5.09,5.32
20190130,4.98,5.23
20190131,4.44,5.21
20190201,5.0,5.08
20190202,4.6,4.87
20190203,4.45,5.03
20190204,4.58,4.85
20190205,4.66,5.04
20190206,4.59,5.07
20190207,4.92,4.7
20190208,5.43,5.07
20190209,5.48,5.71
20190210,5.34,5.71
20190211,5.3,5.6
20190212,5.33,5.46
20190213,4.7,5.49
20190214,4.82,5.49
20190215,5.24,4.94
20190216,5.32,5.41
20190217,5.63,5.76
20190218,4.0,5.62
20190219,5.47,5.73
20190220,5.49,5.53
20190221,5.45,5.5
20190222,5.58,5.5
20190223,5.11,5.65
20190224,4.29,5.81
20190225,5.89,5.91
20190226,5.01,5.76
20190227,4.68,5.82
20190228,5.97,5.98
20190301,5.91,5.99
20190302,5.35,5.75
20190303,4.95,4.79
20190304,4.84,5.88
20190305,5.64,6.15
20190306,6.01,6.18
20190307,6.13,6.3
20190308,6.01,6.27
20190309,6.18,6.23
20190310,6.07,6.27
20190311,5.83,6.16
20190312,6.14,6.02
20190313,6.07,5.69
20190314,4.62,5.44
20190315,5.8,5.83
20190316,6.28,6.29
20190317,4.91,6.19
20190318,6.43,6.37
20190319,6.38,6.18
20190320,5.72,4.88
20190321,6.6,6.21
20190322,6.4,6.49
20190323,6.51,6.55
20190324,6.58,6.66
20190325,6.51,6.63
20190326,6.67,6.64
20190327,6.6,6.75
20190328,6.47,6.73
20190329,6.68,6.72
20190330,6.71,6.66
20190331,6.72,6.39
20190401,6.81,6.56
20190402,6.82,6.92
20190403,6.87,6.62
20190404,6.75,6.62
20190405,6.52,6.69
20190406,6.6,6.51
20190407,6.1,6.81
20190408,6.69,6.16
20190409,6.99,6.9
20190410,6.61,7.06
20190411,6.29,6.16
20190412,6.68,6.88
20190413,6.83,6.92
20190414,6.81,6.86
20190415,5.77,3.78
20190416,5.93,4.64
20190417,6.08,6.67
20190418,6.96,6.95
20190419,6.86,7.0
20190420,7.12,6.31
20190421,7.18,6.63
20190422,6.42,6.46
20190423,6.66,6.06
20190424,7.13,6.96
20190425,6.8,7.03
20190426,7.1,7.09
20190427,7.18,7.03
20190428,7.34,7.11
20190429,7.42,7.3
20190430,7.42,7.18
20190501,7.1,7.04
20190502,6.94,6.3
20190503,6.78,6.9
20190504,5.98,6.64
20190505,6.46,6.49
20190506,7.04,5.5
20190507,6.94,6.67
20190508,7.19,7.17
20190509,7.22,7.09
20190510,6.86,6.0
20190511,7.05,6.43
20190512,6.59,7.12
20190513,6.11,6.34
20190514,6.92,6.87
20190515,6.39,6.61
20190516,7.06,7.07
20190517,6.97,7.14
20190518,7.03,7.0
20190519,6.36,6.77
20190520,6.92,7.07
20190521,7.04,6.38
20190522,7.09,7.03
20190523,7.11,7.01
20190524,6.78,7.13
20190525,6.19,7.13
20190526,6.58,6.67
20190527,6.95,7.01
20190528,6.46,6.93
20190529,6.46,6.26
20190530,6.13,6.76
20190531,5.93,6.75
20190601,6.89,6.05
20190602,5.63,6.18
20190603,6.29,6.49
20190604,6.05,6.58
20190605,6.95,6.85
20190606,6.63,6.1
20190607,6.33,5.91
20190608,6.16,6.22
20190609,5.91,5.98
20190610,6.86,6.7
20190611,6.87,6.78
20190612,6.24,6.65
20190613,5.49,6.24
20190614,4.77,5.7
20190615,5.56,5.75
20190616,6.33,5.77
20190617,5.63,5.55
20190618,5.59,5.76
20190619,2.72,5.55
20190620,6.28,5.23
20190621,5.99,6.08
20190622,5.44,4.89
20190623,5.49,3.07
20190624,6.04,5.1
20190625,5.75,5.52
20190626,5.61,5.4
20190627,4.98,5.02
20190628,5.35,4.92
20190629,5.66,5.11
20190630,3.23,2.73
20190701,4.6,1.33
20190702,3.57,2.18
20190703,0.76,1.15
20190704,1.09,1.78
20190705,1.03,1.61
20190706,1.47,2.11
20190707,4.72,2.3
20190708,1.12,3.28
20190709,4.83,3.57
20190710,5.34,4.22
20190711,4.95,4.56
20190712,4.2,4.62
20190713,4.25,5.07
20190714,5.06,5.17
20190715,5.45,5.63
20190716,5.96,5.97
20190717,5.98,6.04
20190718,6.32,6.04
20190719,5.17,4.21
20190720,4.22,5.36
20190721,5.87,3.69
20190722,-999.0,-999.0
20190723,6.39,-999.0
20190724,5.53,5.5
20190725,2.67,3.64
20190726,2.35,1.72
20190727,2.22,1.49
20190728,2.14,1.52
20190729,2.81,1.85
20190730,3.37,1.16
20190731,1.45,1.04
20190801,2.51,2.27
20190802,2.43,1.01
20190803,2.63,1.92
20190804,4.31,4.06
20190805,3.97,2.69
20190806,2.12,1.32
20190807,1.55,1.23
20190808,2.79,0.34
20190809,2.61,1.91
20190810,4.45,4.7
20190811,3.78,5.72
20190812,2.8,5.63
20190813,0.43,1.21
20190814,0.91,1.04
20190815,0.63,3.83
20190816,3.51,5.32
20190817,4.82,5.36
20190818,2.09,5.57
20190819,4.85,4.8
20190820,4.82,3.16
20190821,4.23,3.93
20190822,4.2,4.15
20190823,3.67,3.63
20190824,1.04,2.43
20190825,1.32,1.87
20190826,2.55,2.06
20190827,4.6,2.5
20190828,3.02,4.02
20190829,4.3,4.2
20190830,3.77,3.01
20190831,3.59,4.49
20190901,5.27,4.36
20190902,4.57,2.66
20190903,2.78,1.92
20190904,2.89,1.95
20190905,4.91,3.55
20190906,3.59,0.98
20190907,4.65,2.68
20190908,2.13,0.8
20190909,1.57,2.36
20190910,3.31,2.33
20190911,0.98,2.45
20190912,1.04,2.28
20190913,2.0,2.48
20190914,2.89,1.65
20190915,2.41,2.36
20190916,3.9,2.64
20190917,1.82,3.26
20190918,2.74,4.04
20190919,4.44,3.82
20190920,3.78,4.76
20190921,4.36,4.34
20190922,4.95,4.26
20190923,4.34,4.8
20190924,4.19,1.49
20190925,3.24,2.76
20190926,1.86,2.5
20190927,2.61,3.88
20190928,3.14,2.95
20190929,4.16,3.6
20190930,4.34,5.3
20191001,3.96,5.45
20191002,4.69,5.36
20191003,5.3,5.49
20191004,5.2,5.04
20191005,4.75,5.67
20191006,4.81,5.12
20191007,4.67,5.56
20191008,5.51,5.79
20191009,5.75,5.54
20191010,5.39,5.87
20191011,4.84,5.84
20191012,5.68,5.4
20191013,5.7,4.88
20191014,5.5,5.86
20191015,5.57,5.51
20191016,5.45,5.27
20191017,5.35,5.26
20191018,5.16,3.14
20191019,1.68,2.39
20191020,1.37,2.38
20191021,3.29,3.22
20191022,3.62,2.85
20191023,1.87,4.49
20191024,5.24,2.96
20191025,3.31,2.79
20191026,3.29,1.52
20191027,2.02,3.15
20191028,4.38,4.13
20191029,3.62,4.19
20191030,4.6,4.68
20191031,4.85,4.27
20191101,4.82,4.32
20191102,2.41,2.46
20191103,2.98,4.87
20191104,4.76,4.89
20191105,4.27,4.88
20191106,4.59,4.85
20191107,2.79,4.28
20191108,3.7,4.21
20191109,4.65,4.82
20191110,4.71,5.0
20191111,4.7,4.97
20191112,4.67,4.88
20191113,4.34,4.95
20191114,4.64,5.03
20191115,4.64,4.93
20191116,4.56,4.83
20191117,4.59,4.83
20191118,4.55,4.76
20191119,4.45,4.78
20191120,4.3,3.97
20191121,4.38,4.49
20191122,4.31,4.76
20191123,4.29,4.71
20191124,4.12,4.39
20191125,4.21,4.6
20191126,4.32,4.6
20191127,4.26,4.64
20191128,4.3,4.61
20191129,4.22,4.5
20191130,4.14,3.98
20191201,3.79,3.49
20191202,4.16,4.31
20191203,4.28,3.99
20191204,4.32,4.43
20191205,4.2,4.44
20191206,4.16,4.46
20191207,4.1,4.43
20191208,4.22,4.48
20191209,4.17,4.47
20191210,4.16,4.24
20191211,4.07,4.38
20191212,3.2,3.77
20191213,3.83,3.53
20191214,3.67,3.75
20191215,2.33,3.08
20191216,3.33,2.24
20191217,3.45,3.86
20191218,3.92,4.07
20191219,4.08,4.0
20191220,4.05,4.34
20191221,3.89,4.06
20191222,4.03,3.43
20191223,3.9,3.97
20191224,3.05,4.22
20191225,2.6,3.11
20191226,4.16,2.3
20191227,4.4,4.58
20191228,4.42,4.73
20191229,4.14,4.53
20191230,4.08,4.17
20191231,2.29,1.36
20200101,2.22,1.44
20200102,2.22,1.58
20200103,2.83,3.2
20200104,2.76,3.66
20200105,4.14,4.54
20200106,4.22,4.52
20200107,3.79,3.48
20200108,3.24,2.37
20200109,4.36,4.4
20200110,4.53,4.73
20200111,4.46,4.74
20200112,4.43,4.66
20200113,4.3,4.65
20200114,2.78,4.51
20200115,2.73,4.56
20200116,1.6,3.55
20200117,3.74,3.36
20200118,3.27,3.43
20200119,4.11,3.64
20200120,4.53,3.64
20200121,4.02,4.44
20200122,3.39,4.32
20200123,4.65,3.84
20200124,4.79,4.84
20200125,4.69,4.84
20200126,4.72,4.88
20200127,3.62,4.75
20200128,4.42,4.78
20200129,4.65,4.15
20200130,4.9,5.12
20200131,4.98,5.16
20200201,4.98,3.27
20200202,5.03,4.34
20200203,4.41,3.75
20200204,4.82,3.72
20200205,5.05,4.86
20200206,4.72,4.65
20200207,4.81,2.6
20200208,5.3,4.96
20200209,5.45,5.53
20200210,5.41,5.34
20200211,5.31,5.25
20200212,5.37,5.44
20200213,5.39,5.6
20200214,5.46,5.61
20200215,5.37,5.64
20200216,5.63,5.65
20200217,5.7,5.8
20200218,5.66,5.87
20200219,5.26,5.68
20200220,5.49,5.67
20200221,5.32,5.26
20200222,5.57,5.4
20200223,5.4,5.41
20200224,5.71,5.35
20200225,5.72,5.8
20200226,5.73,5.98
20200227,5.73,5.9
20200228,5.54,5.98
20200229,4.29,5.98
20200301,5.15,5.65
20200302,5.61,5.79
20200303,5.9,5.97
20200304,5.58,6.05
20200305,5.77,5.85
20200306,5.45,5.92
20200307,6.07,6.01
20200308,6.21,6.16
20200309,5.77,4.6
20200310,5.07,5.17
20200311,6.09,5.68
20200312,6.12,5.54
20200313,5.17,5.3
20200314,6.45,6.22
20200315,4.95,5.47
20200316,6.18,6.06
20200317,6.28,6.15
20200318,6.24,4.61
20200319,6.06,6.08
20200320,4.73,6.12
20200321,6.55,6.46
20200322,5.87,6.56
20200323,6.14,6.11
20200324,6.3,6.38
20200325,5.02,5.71
20200326,5.1,5.3
20200327,3.06,5.88
20200328,6.51,6.24
20200329,6.56,5.51
20200330,6.65,6.48
20200331,6.72,6.59
20200401,6.7,6.66
20200402,6.78,6.71
20200403,6.75,6.03
20200404,6.73,6.38
20200405,6.85,6.72
20200406,6.35,5.62
20200407,6.78,6.81
20200408,6.88,6.93
20200409,6.78,6.91
20200410,6.37,6.15
20200411,6.55,6.77
20200412,6.88,6.77
20200413,6.78,6.56
20200414,5.76,6.34
20200415,6.29,6.89
20200416,6.9,6.88
20200417,6.79,6.95
20200418,5.86,6.56
20200419,5.17,6.22
20200420,6.57,6.65
20200421,6.56,7.04
20200422,6.86,6.53
20200423,6.09,6.85
20200424,5.76,6.94
20200425,6.85,7.01
20200426,6.17,7.03
20200427,6.26,6.61
20200428,6.08,5.69
20200429,6.3,6.45
20200430,6.27,4.65
20200501,6.27,6.21
20200502,6.97,6.88
20200503,7.0,7.11
20200504,6.84,7.05
20200505,6.87,6.6
20200506,5.66,6.9
20200507,6.53,6.99
20200508,6.95,6.53
20200509,6.58,6.99
20200510,6.6,6.91
20200511,6.92,6.73
20200512,6.55,5.99
20200513,6.4,6.91
20200514,6.34,6.7
20200515,5.18,5.97
20200516,6.27,6.98
20200517,6.26,6.87
20200518,6.28,6.39
20200519,7.19,5.97
20200520,7.39,7.27
20200521,7.41,7.19
20200522,7.2,7.25
20200523,7.13,7.17
20200524,7.14,7.13
20200525,7.09,7.1
20200526,7.25,7.14
20200527,6.94,7.26
20200528,7.01,7.15
20200529,6.82,7.0
20200530,6.85,5.39
20200531,5.97,6.28
20200601,4.92,3.62
20200602,2.05,3.66
20200603,2.69,4.48
20200604,1.24,1.13
20200605,6.59,6.46
20200606,5.75,4.8
20200607,6.78,6.41
20200608,6.07,6.26
20200609,6.08,5.62
20200610,6.43,6.32
20200611,6.14,5.63
20200612,6.09,5.3
20200613,5.29,3.58
20200614,3.02,5.04
20200615,4.91,2.95
20200616,5.28,4.2
20200617,5.29,3.28
20200618,6.61,5.43
20200619,5.41,3.97
20200620,3.66,2.67
20200621,-999.0,-999.0
20200622,6.01,4.58
20200623,1.14,1.82
20200624,4.26,6.04
20200625,5.11,5.8
20200626,4.87,4.88
20200627,4.51,5.26
20200628,5.35,4.86
20200629,5.52,4.28
20200630,6.51,5.52
20200701,6.43,5.83
20200702,5.3,5.39
20200703,4.63,1.96
20200704,5.84,4.26
20200705,2.76,3.39
20200706,4.12,2.32
20200707,4.3,4.06
20200708,5.03,5.69
20200709,5.85,2.55
20200710,5.54,4.58
20200711,3.68,4.84
20200712,4.5,4.92
20200713,5.32,5.17
20200714,3.1,2.58
20200715,4.31,2.56
20200716,3.91,3.43
20200717,5.64,4.42
20200718,5.92,4.66
20200719,5.45,2.88
20200720,4.1,2.47
20200721,5.63,2.18
20200722,6.07,4.2
20200723,5.07,4.69
20200724,5.86,4.77
20200725,5.23,4.28
20200726,5.03,5.18
20200727,5.72,5.7
20200728,4.99,3.99
20200729,1.84,4.8
20200730,5.63,4.91
20200731,5.58,5.06
20200801,5.81,4.93
20200802,5.19,5.45
20200803,3.49,3.74
20200804,4.07,3.48
20200805,3.39,3.63
20200806,3.79,2.94
20200807,3.87,3.69
20200808,1.45,2.52
20200809,2.37,1.42
20200810,2.93,2.77
20200811,1.04,3.02
20200812,2.57,2.6
20200813,1.81,1.36
20200814,3.07,2.24
20200815,2.33,2.79
20200816,2.18,1.65
20200817,2.3,1.61
20200818,0.86,0.51
20200819,2.45,2.53
20200820,3.39,3.82
20200821,2.68,0.7
20200822,1.27,2.4
20200823,2.75,4.38
20200824,3.48,4.93
20200825,4.04,5.86
20200826,4.71,4.46
20200827,1.45,1.29
20200828,3.54,1.17
20200829,1.53,0.97
20200830,4.44,4.64
20200831,4.72,5.79
20200901,4.92,5.95
20200902,5.03,5.05
20200903,4.05,5.78
20200904,6.25,5.75
20200905,6.02,5.14
20200906,5.69,5.51
20200907,5.74,4.85
20200908,5.57,4.73
20200909,5.36,5.02
20200910,5.47,3.53
20200911,5.75,5.56
20200912,5.65,5.33
20200913,5.89,4.75
20200914,5.49,4.95
20200915,5.38,4.9
20200916,5.57,5.08
20200917,5.61,5.45
20200918,5.33,4.48
20200919,3.13,3.67
20200920,5.52,4.41
20200921,4.81,3.5
20200922,4.15,2.42
20200923,2.2,2.99
20200924,3.4,3.73
20200925,4.99,3.73
20200926,4.93,5.03
20200927,4.84,5.25
20200928,4.93,5.05
20200929,4.78,4.65
20200930,5.53,4.68
20201001,5.9,5.72
20201002,5.91,6.01
20201003,5.94,6.01
20201004,5.77,5.85
20201005,5.89,5.78
20201006,6.03,5.94
20201007,5.85,3.52
20201008,5.7,3.94
20201009,5.6,3.89
20201010,5.58,4.03
20201011,5.41,3.94
20201012,5.53,4.98
20201013,4.93,3.85
20201014,5.13,3.97
20201015,4.74,3.05
20201016,3.41,3.47
20201017,4.57,4.67
20201018,4.99,4.98
20201019,4.23,5.26
20201020,4.84,4.81
20201021,5.14,5.01
20201022,5.21,5.43
20201023,5.24,5.35
20201024,5.26,5.12
20201025,5.15,4.99
20201026,5.26,5.02
20201027,5.21,5.43
20201028,5.21,5.38
20201029,5.2,5.3
20201030,5.17,5.25
20201031,5.04,5.12
20201101,4.84,5.19
20201102,4.97,5.18
20201103,5.14,5.23
20201104,5.06,5.38
20201105,5.05,5.34
20201106,5.02,5.3
20201107,4.97,5.29
20201108,4.93,5.23
20201109,4.92,5.24
20201110,4.61,5.22
20201111,4.81,5.09
20201112,4.57,4.37
20201113,4.24,4.28
20201114,4.41,4.82
20201115,4.38,4.81
20201116,4.41,4.76
20201117,4.16,4.54
20201118,3.84,4.6
20201119,3.97,4.14
20201120,4.37,3.27
20201121,4.53,4.38
20201122,4.5,4.78
20201123,4.53,4.8
20201124,4.44,4.7
20201125,4.39,4.74
20201126,4.19,4.17
20201127,4.36,2.38
20201128,4.32,4.48
20201129,4.29,4.41
20201130,4.21,4.43
20201201,4.32,4.54
20201202,4.32,4.59
20201203,4.33,4.57
20201204,4.31,4.57
20201205,4.25,4.54
20201206,4.23,4.54
20201207,4.2,4.49
20201208,4.21,4.49
20201209,4.17,4.42
20201210,4.04,4.27
20201211,0.86,3.91
20201212,2.27,1.76
20201213,1.93,2.37
20201214,1.11,3.0
20201215,2.34,3.09
20201216,-999.0,3.44
20201217,4.08,3.65
20201218,4.25,4.34
20201219,4.32,4.49
20201220,4.24,4.57
20201221,4.24,4.57
20201222,4.22,4.54
20201223,4.22,4.54
20201224,4.2,4.54
20201225,4.22,4.5
20201226,4.24,4.53
20201227,4.11,4.46
20201228,4.25,4.33
20201229,4.21,4.37
20201230,3.36,4.06
20201231,4.09,4.4
20210101,4.0,4.16
20210102,3.83,4.21
20210103,2.79,4.12
20210104,1.28,4.07
20210105,3.23,1.71
20210106,3.92,4.11
20210107,3.9,3.69
20210108,3.59,2.08
20210109,1.18,3.21
20210110,2.84,4.11
20210111,2.9,4.42
20210112,4.38,4.4
20210113,4.53,4.68
20210114,4.58,4.71
20210115,4.62,4.79
20210116,4.5,4.69
20210117,4.1,4.65
20210118,4.02,4.59
20210119,4.4,4.48
20210120,4.58,4.29
20210121,4.75,4.92
20210122,4.8,5.01
20210123,4.77,4.97
20210124,4.73,4.91
20210125,4.78,4.94
20210126,4.82,4.89
20210127,4.84,4.75
20210128,4.83,4.39
20210129,5.0,4.41
20210130,5.1,5.24
20210131,5.15,5.25
20210201,5.03,5.31
20210202,5.07,5.29
20210203,4.96,5.27
20210204,4.84,5.25
20210205,4.46,5.19
20210206,5.15,5.22
20210207,5.31,5.51
20210208,5.35,5.57
20210209,5.26,5.57
20210210,5.28,5.46
20210211,5.14,5.33
20210212,5.29,5.29
20210213,5.35,5.39
20210214,5.06,5.07
20210215,5.27,5.11
20210216,4.72,4.91
20210217,5.41,3.29
20210218,5.43,4.58
20210219,5.56,4.6
20210220,5.76,5.51
20210221,5.76,5.85
20210222,5.77,5.87
20210223,5.81,5.94
20210224,5.82,6.04
20210225,5.78,6.02
20210226,5.91,5.99
20210227,5.8,6.06
20210228,5.87,5.46
20210301,5.85,5.84
20210302,6.06,6.2
20210303,6.11,6.27
20210304,6.17,6.31
20210305,6.07,6.21
20210306,6.15,6.31
20210307,6.08,6.28
20210308,6.09,6.11
20210309,6.01,6.04
20210310,5.83,6.0
20210311,5.01,5.64
20210312,3.38,6.17
20210313,6.12,6.01
20210314,6.11,5.11
20210315,6.05,5.31
20210316,5.92,6.07
20210317,6.01,5.9
20210318,5.77,4.86
20210319,4.95,4.15
20210320,6.28,6.34
20210321,6.36,6.37
20210322,5.53,2.2
20210323,6.34,2.15
20210324,6.47,6.46
20210325,6.6,6.45
20210326,6.79,6.79
20210327,6.67,6.83
20210328,6.7,6.76
20210329,6.78,6.79
20210330,6.87,6.89
20210331,6.92,6.91
20210401,6.98,6.93
20210402,7.0,7.03
20210403,6.93,6.87
20210404,6.99,7.0
20210405,6.81,7.0
20210406,6.77,6.89
20210407,6.81,6.43
20210408,6.79,6.53
20210409,6.8,6.02
20210410,6.74,6.57
20210411,6.8,4.62
20210412,6.9,5.1
20210413,6.76,5.94
20210414,6.4,6.88
20210415,6.41,5.31
20210416,6.41,6.92
20210417,6.49,6.34
20210418,6.73,6.11
20210419,6.52,6.11
20210420,6.63,6.18
20210421,5.91,3.69
20210422,7.04,5.93
20210423,7.15,5.37
20210424,6.38,7.06
20210425,7.21,7.04
20210426,7.4,7.09
20210427,7.29,7.13
20210428,7.18,6.84
20210429,6.31,5.26
20210430,7.13,6.81
20210501,5.83,5.47
20210502,5.56,4.47
20210503,5.94,6.24
20210504,6.38,6.49
20210505,6.82,6.28
20210506,6.51,5.44
20210507,6.87,4.6
20210508,6.92,6.78
20210509,5.24,6.36
20210510,6.03,6.63
20210511,6.51,6.44
20210512,6.57,7.09
20210513,6.19,6.33
20210514,6.78,6.49
20210515,5.3,6.33
20210516,6.47,5.84
20210517,5.03,4.59
20210518,4.72,4.14
20210519,4.36,5.01
20210520,5.84,6.08
20210521,6.94,6.97
